奔马,三岛由纪夫,43
海边的卡夫卡,村上春树,31
海风中失落的血色馈赠,阿里斯泰尔,23
罪与罚,陀思妥耶夫斯基,52
山音,川端康成,543
世界尽头与冷酷仙境,村上春树,52
统计学习方法,李航,100
春雪,三岛由纪夫,425
春雪,三岛由纪夫,428
宵待草夜情,连城三纪彦,33
瓦尔登湖,梭罗,40
围城,钱锺书,100
美妙的新世界,赫胥黎,65
被侮辱与被损害的,陀思妥耶夫斯基,653
金阁寺,三岛由纪夫,43
霍乱时期的爱情,加西亚马尔克斯,132
百年孤独,加西亚马尔克斯,12
金阁寺,三岛由纪夫,43
天人五衰,三岛由纪夫,34
算法导论,某位大佬,10
谈美,朱光潜,43
海边的卡夫卡,村上春树,31
受戒,汪曾祺,234
宵待草夜情,连城三纪彦,33
三四郎,夏目漱石,62
被侮辱与被损害的,陀思妥耶夫斯基,653
谈美,朱光潜,43
局外人,加缪,493
奔马,三岛由纪夫,43
红楼梦,高鹗,50
红楼梦,高鹗,50
草枕,夏目漱石,461
房思琪的初恋乐园,林奕含,65
我就是来搞事的,红楼梦,10
红楼梦魇,张爱玲,71
美妙的新世界,赫胥黎,65
海风中失落的血色馈赠,阿里斯泰尔,23
天人五衰,三岛由纪夫,34
江南,格非,43
黑桃皇后,普希金,20
局外人,加缪,493
曼弗雷德,拜伦,60
世界尽头与冷酷仙境,村上春树,52
受戒,汪曾祺,234
三四郎,夏目漱石,62
江南,格非,43
小王子,圣埃克絮佩里,33
罪与罚,陀思妥耶夫斯基,52
被掩埋的巨人,石黑一雄,234
了不起的盖茨比,菲茨杰拉德,343
山音,川端康成,543
晓寺,三岛由纪夫,44
青铜骑士,普希金,348
百年孤独,加西亚马尔克斯,12
统计学习方法,李航,100
我就是来搞事的,红楼梦,10
黑桃皇后,普希金,20
草枕,夏目漱石,461
晓寺,三岛由纪夫,44
红楼梦魇,张爱玲,71
青铜骑士,普希金,348
算法导论,某位大佬,10
小王子,圣埃克絮佩里,33
曼弗雷德,拜伦,60
瓦尔登湖,梭罗,40
万物静默如迷,辛波斯卡,32
万物静默如迷,辛波斯卡,32
霍乱时期的爱情,加西亚马尔克斯,132
被掩埋的巨人,石黑一雄,234
围城,钱锺书,100
房思琪的初恋乐园,林奕含,65
了不起的盖茨比,菲茨杰拉德,343
